Sample, Locality
Lion_Lion1,Lion Island
Lion_Lion2,Lion Island
Lion_Lion3,Lion Island
Lion_Lion4,Lion Island
Lion_Lion5,Lion Island
Lion_Lion6,Lion Island
Lion_Lion7,Lion Island
Lion_Lion8,Lion Island
Lion_Lion9,Lion Island
Lion_Lion10,Lion Island
Lion_Lion11,Lion Island
Lion_Lion13,Lion Island
Lion_Lion14,Lion Island
Lion_Lion15,Lion Island
Lion_Lion16,Lion Island
Lion_Lion17,Lion Island
Lion_Lion18,Lion Island
Lion_Lion19,Lion Island
Lion_Lion20,Lion Island
Lion_Lion21,Lion Island
Lion_Lion22,Lion Island
Lion_Lion23,Lion Island
Lion_Lion24,Lion Island
Lion_Lion25,Lion Island
Lion_Lion26,Lion Island
Lion_Lion27,Lion Island
Lion_Lion28,Lion Island
Lion_Lion29,Lion Island
Lion_Lion30,Lion Island
Lion_Lion31,Lion Island
Lion_Lion32,Lion Island
Lion_Lion33,Lion Island
Lion_Lion34,Lion Island
Lion_Lion36,Lion Island
Lion_Lion38,Lion Island
Lion_Lion39,Lion Island
Lion_Lion40,Lion Island
Lion_Lion41,Lion Island
Lion_Lion42,Lion Island
Lion_Lion43,Lion Island
Lion_Lion44,Lion Island
Lion_Lion45,Lion Island
Lion_Lion46,Lion Island
Lion_Lion47,Lion Island
Lion_Lion48,Lion Island
Lion_Lion49,Lion Island
Lion_Lion50,Lion Island
Lion_Lion51,Lion Island
Lion_Lion52,Lion Island
Lolo_Lolo1,Loloata Island
Lolo_Lolo2,Loloata Island
Lolo_Lolo3,Loloata Island
Lolo_Lolo4,Loloata Island
Lolo_Lolo5,Loloata Island
Lolo_Lolo6,Loloata Island
Lolo_Lolo7,Loloata Island
Lolo_Lolo8,Loloata Island
Lolo_Lolo9,Loloata Island
Manu_Manu1,Manubada
Manu_Manu2,Manubada
Manu_Manu3,Manubada
Manu_Manu4,Manubada
Manu_Manu5,Manubada
Manu_Manu6,Manubada
Manu_Manu7,Manubada
Manu_Manu8,Manubada
Manu_Manu9,Manubada
Manu_Manu10,Manubada
Manu_Manu11,Manubada
Manu_Manu13,Manubada
Manu_Manu14,Manubada
Manu_Manu15,Manubada
Go_Go1,Goelands
Go_Go2,Goelands
Go_Go3,Goelands
Go_Go4,Goelands
Go_Go5,Goelands
Go_Go6,Goelands
Go_Go7,Goelands
Go_Go8,Goelands
Go_Go9,Goelands
Go_Go10,Goelands
Go_Go11,Goelands
Go_Go12,Goelands
Go_Go13,Goelands
Go_Go14,Goelands
Go_Go15,Goelands
Go_Go16,Goelands
Go_Go17,Goelands
Go_Go18,Goelands
Go_Go19,Goelands
Go_Go20,Goelands
Go_Go21,Goelands
Go_Go22,Goelands
Go_Go23,Goelands
Go_Go24,Goelands
Go_Go25,Goelands
Go_Go27,Goelands
Go_Go28,Goelands
Go_Go29,Goelands
Go_Go30,Goelands
Go_Go31,Goelands
Go_Go32,Goelands
Go_Go33,Goelands
Go_Go34,Goelands
Go_Go35,Goelands
Go_Go36,Goelands
Go_Go37,Goelands
Go_Go38,Goelands
Go_Go39,Goelands
Go_Go40,Goelands
Go_Go41,Goelands
Go_Go42,Goelands
Go_Go43,Goelands
Go_Go44,Goelands
Go_Go45,Goelands
Go_Go46,Goelands
Go_Go47,Goelands
Go_Go48,Goelands
Go_Go49,Goelands
Go_Go50,Goelands
Go_Go51,Goelands
Go_Go52,Goelands
Go_Go53,Goelands
Go_Go54,Goelands
Go_Go55,Goelands
Go_Go56,Goelands
Hie_Hie2,Hiengabat
Hie_Hie3,Hiengabat
Hie_Hie4,Hiengabat
Hie_Hie5,Hiengabat
Hie_Hie6,Hiengabat
Hie_Hie7,Hiengabat
Hie_Hie8,Hiengabat
Hie_Hie9,Hiengabat
Hie_Hie11,Hiengabat
Hie_Hie12,Hiengabat
Hie_Hie13,Hiengabat
Hie_Hie14,Hiengabat
Hie_Hie15,Hiengabat
Hie_Hie16,Hiengabat
Hie_Hie17,Hiengabat
Hie_Hie18,Hiengabat
Hie_Hie19,Hiengabat
Hie_Hie20,Hiengabat
Hie_Hie21,Hiengabat
Hie_Hie22,Hiengabat
Hie_Hie23,Hiengabat
Hie_Hie24,Hiengabat
Hie_Hie25,Hiengabat
Hie_Hie26,Hiengabat
Hie_Hie27,Hiengabat
Hie_Hie28,Hiengabat
Hie_Hie29,Hiengabat
Hie_Hie30,Hiengabat
Hie_Hie31,Hiengabat
Hie_Hie32,Hiengabat
Hie_Hie33,Hiengabat
Hie_Hie34,Hiengabat
Hie_Hie35,Hiengabat
Hie_Hie36,Hiengabat
Hie_Hie37,Hiengabat
Hie_Hie38,Hiengabat
Hie_Hie39,Hiengabat
Hie_Hie40,Hiengabat
Hie_Hie41,Hiengabat
Hie_Hie42,Hiengabat
Hie_Hie43,Hiengabat
Hie_Hie44,Hiengabat
Hie_Hie45,Hiengabat
Hie_Hie46,Hiengabat
Hie_Hie47,Hiengabat
Hie_Hie48,Hiengabat
Hie_Hie49,Hiengabat
Lar_Lar1,Laregnere
Lar_Lar2,Laregnere
Lar_Lar3,Laregnere
Lar_Lar4,Laregnere
Lar_Lar5,Laregnere
Lar_Lar6,Laregnere
Lar_Lar7,Laregnere
Lar_Lar8,Laregnere
Lar_Lar10,Laregnere
Lar_Lar11,Laregnere
Lar_Lar12,Laregnere
Lar_Lar14,Laregnere
Lar_Lar15,Laregnere
Lar_Lar16,Laregnere
Lar_Lar17,Laregnere
Lar_Lar18,Laregnere
Lar_Lar19,Laregnere
Lar_Lar20,Laregnere
Lar_Lar21,Laregnere
Lar_Lar22,Laregnere
Lar_Lar23,Laregnere
Lar_Lar24,Laregnere
Lar_Lar25,Laregnere
Lar_Lar26,Laregnere
Lar_Lar27,Laregnere
Lar_Lar28,Laregnere
Lar_Lar29,Laregnere
Lar_Lar30,Laregnere
Lar_Lar31,Laregnere
Lar_Lar32,Laregnere
Lar_Lar33,Laregnere
Lar_Lar34,Laregnere
Lar_Lar35,Laregnere
Lar_Lar36,Laregnere
Lar_Lar37,Laregnere
Lar_Lar38,Laregnere
Lar_Lar39,Laregnere
Lar_Lar40,Laregnere
Lar_Lar41,Laregnere
Lar_Lar42,Laregnere
Lar_Lar43,Laregnere
Lar_Lar44,Laregnere
Lar_Lar45,Laregnere
Lar_Lar46,Laregnere
Lar_Lar47,Laregnere
Lar_Lar48,Laregnere
Lar_Lar49,Laregnere
Lar_Lar50,Laregnere
Lar_Lar51,Laregnere
Lar_Lar52,Laregnere
Lar_Lar53,Laregnere
Mara_Mara1,Mara
Mara_Mara2,Mara
Mara_Mara3,Mara
Mara_Mara4,Mara
Mara_Mara5,Mara
Mara_Mara6,Mara
Mara_Mara7,Mara
Mara_Mara8,Mara
Mara_Mara9,Mara
Mara_Mara1_163,Mara
Mara_Mara1_164,Mara
Mara_Mara1_165,Mara
Mara_Mara1_166,Mara
Mara_Mara1_167,Mara
Mara_Mara1_168,Mara
Mara_Mara1_169,Mara
Mara_Mara1_170,Mara
Mara_Mara1_171,Mara
Mara_Mara1_172,Mara
Mara_Mara2_173,Mara
Mara_Mara2_174,Mara
Mara_Mara2_175,Mara
Mara_Mara2_176,Mara
Mara_Mara2_177,Mara
Mara_Mara2_178,Mara
Mara_Mara2_179,Mara
Mara_Mara2_180,Mara
Mara_Mara2_181,Mara
Mara_Mara2_182,Mara
Mara_Mara3_183,Mara
Mara_Mara3_184,Mara
Mara_Mara3_185,Mara
Mara_Mara3_186,Mara
Mara_Mara3_187,Mara
Mara_Mara3_188,Mara
Mara_Mara3_189,Mara
Mara_Mara3_190,Mara
Mara_Mara3_191,Mara
Mara_Mara3_192,Mara
Mara_Mara4_193,Mara
Mara_Mara4_194,Mara
Mara_Mara4_195,Mara
Mara_Mara4_196,Mara
Mara_Mara4_197,Mara
Mara_Mara4_198,Mara
Mara_Mara4_199,Mara
Mara_Mara4_200,Mara
Mara_Mara4_201,Mara
Mara_Mara4_202,Mara
Mara_Mara5_203,Mara
Mara_Mara5_204,Mara
Mara_Mara5_205,Mara
MBO_MBO1,M'bo
MBO_MBO2,M'bo
MBO_MBO3,M'bo
MBO_MBO4,M'bo
MBO_MBO6,M'bo
MBO_MBO7,M'bo
MBO_MBO8,M'bo
MBO_MBO9,M'bo
MBO_MBO10,M'bo
MBO_MBO11,M'bo
MBO_MBO12,M'bo
MBO_MBO13,M'bo
MBO_MBO14,M'bo
MBO_MBO15,M'bo
MBO_MBO16,M'bo
MBO_MBO17,M'bo
MBO_MBO18,M'bo
MBO_MBO19,M'bo
MBO_MBO20,M'bo
MBO_MBO21,M'bo
MBO_MBO22,M'bo
MBO_MBO23,M'bo
MBO_MBO24,M'bo
MBO_MBO25,M'bo
MBO_MBO26,M'bo
MBO_MBO27,M'bo
MBO_MBO28,M'bo
MBO_MBO29,M'bo
MBO_MBO30,M'bo
MBO_MBO31,M'bo
MBO_MBO32,M'bo
MBO_MBO33,M'bo
MBO_MBO34,M'bo
MBO_MBO35,M'bo
MBO_MBO36,M'bo
MBO_MBO37,M'bo
MBO_MBO38,M'bo
MBO_MBO39,M'bo
MBO_MBO40,M'bo
MBO_MBO41,M'bo
MBO_MBO42,M'bo
MBO_MBO43,M'bo
MBO_MBO44,M'bo
MBO_MBO45,M'bo
MBO_MBO46,M'bo
MBO_MBO47,M'bo
MBO_MBO48,M'bo
MBO_MBO49,M'bo
MBO_MBO50,M'bo
MBO_MBO51,M'bo
QBW_QBW1,4 Banks West
QBW_QBW2,4 Banks West
QBW_QBW3,4 Banks West
QBW_QBW4,4 Banks West
QBW_QBW5,4 Banks West
QBW_QBW6,4 Banks West
QBW_QBW7,4 Banks West
QBW_QBW8,4 Banks West
QBW_QBW9,4 Banks West
QBW_QBW10,4 Banks West
QBW_QBW11,4 Banks West
QBW_QBW12,4 Banks West
QBW_QBW13,4 Banks West
QBW_QBW14,4 Banks West
QBW_QBW15,4 Banks West
QBW_QBW16,4 Banks West
QBW_QBW17,4 Banks West
QBW_QBW18,4 Banks West
QBW_QBW19,4 Banks West
QBW_QBW20,4 Banks West
QBW_QBW21,4 Banks West
QBW_QBW22,4 Banks West
QBW_QBW23,4 Banks West
QBW_QBW24,4 Banks West
QBW_QBW25,4 Banks West
QBW_QBW26,4 Banks West
QBW_QBW27,4 Banks West
QBW_QBW28,4 Banks West
QBW_QBW29,4 Banks West
QBW_QBW30,4 Banks West
QBW_QBW31,4 Banks West
QBW_QBW32,4 Banks West
QBW_QBW33,4 Banks West
QBW_QBW34,4 Banks West
QBW_QBW35,4 Banks West
QBW_QBW36,4 Banks West
QBW_QBW37,4 Banks West
QBW_QBW38,4 Banks West
QBW_QBW39,4 Banks West
QBW_QBW40,4 Banks West
QBW_QBW41,4 Banks West
QBW_QBW42,4 Banks West
QBW_QBW43,4 Banks West
QBW_QBW44,4 Banks West
QBW_QBW45,4 Banks West
QBW_QBW46,4 Banks West
QBW_QBW47,4 Banks West
QBW_QBW48,4 Banks West
QBW_QBW49,4 Banks West
QBW_QBW50,4 Banks West
QBW_QBW51,4 Banks West
QBW_QBW52,4 Banks West
QBW_QBW53,4 Banks West
QBW_QBW54,4 Banks West
Ten_Ten1,Tenia
Ten_Ten2,Tenia
Ten_Ten3,Tenia
Ten_Ten4,Tenia
Ten_Ten5,Tenia
Ten_Ten6,Tenia
Ten_Ten7,Tenia
Ten_Ten8,Tenia
Ten_Ten9,Tenia
Ten_Ten10,Tenia
Ten_Ten11,Tenia
Ten_Ten12,Tenia
Ten_Ten13,Tenia
Ten_Ten14,Tenia
Ten_Ten15,Tenia
Ten_Ten16,Tenia
Ten_Ten17,Tenia
Ten_Ten18,Tenia
Ten_Ten19,Tenia
Ten_Ten20,Tenia
Ten_Ten21,Tenia
Ten_Ten22,Tenia
Ten_Ten23,Tenia
Ten_Ten24,Tenia
Ten_Ten25,Tenia
Ten_Ten26,Tenia
Ten_Ten27,Tenia
Ten_Ten28,Tenia
Ten_Ten29,Tenia
Ten_Ten30,Tenia
Ten_Ten31,Tenia
Ten_Ten32,Tenia
Ten_Ten33,Tenia
Ten_Ten34,Tenia
Ten_Ten35,Tenia
Ten_Ten36,Tenia
Ten_Ten37,Tenia
Ten_Ten38,Tenia
Ten_Ten39,Tenia
Ten_Ten40,Tenia
Ten_Ten41,Tenia
Ten_Ten42,Tenia
Ten_Ten43,Tenia
Ten_Ten44,Tenia
Ten_Ten45,Tenia
Ten_Ten46,Tenia
Ten_Ten47,Tenia
Ten_Ten48,Tenia
Ten_Ten49,Tenia
Ten_Ten50,Tenia
Ten_Ten51,Tenia
Ten_Ten52,Tenia
Tote_Tote1,Tote
Tote_Tote2,Tote
Tote_Tote3,Tote
Tote_Tote4,Tote
Tote_Tote5,Tote
Tote_Tote6,Tote
Tote_Tote7,Tote
Tote_Tote8,Tote
Tote_Tote1_370,Tote
Tote_Tote1_371,Tote
Tote_Tote1_372,Tote
Tote_Tote1_373,Tote
Tote_Tote1_374,Tote
Tote_Tote1_375,Tote
Tote_Tote1_376,Tote
Tote_Tote1_377,Tote
Tote_Tote1_378,Tote
Tote_Tote2_379,Tote
Tote_Tote2_380,Tote
Tote_Tote2_381,Tote
Tote_Tote2_382,Tote
Tote_Tote2_383,Tote
Tote_Tote2_384,Tote
Tote_Tote2_385,Tote
Tote_Tote2_386,Tote
Tote_Tote2_387,Tote
Tote_Tote2_388,Tote
Tote_Tote3_389,Tote
Tote_Tote3_390,Tote
Tote_Tote3_391,Tote
Tote_Tote3_392,Tote
Tote_Tote3_393,Tote
Tote_Tote3_394,Tote
Tote_Tote3_395,Tote
Tote_Tote3_396,Tote
Tote_Tote3_397,Tote
Tote_Tote3_398,Tote
Tote_Tote4_399,Tote
Tote_Tote4_400,Tote
Tote_Tote4_401,Tote
Tote_Tote4_402,Tote
Tote_Tote4_403,Tote
Tote_Tote4_404,Tote
Tote_Tote4_405,Tote
Tote_Tote4_406,Tote
Tote_Tote4_407,Tote
Tote_Tote4_408,Tote
Tote_Tote5_409,Tote
Tote_Tote5_410,Tote
Tote_Tote5_411,Tote
Tote_Tote5_412,Tote
Tote_Tote5_413,Tote
Tote_Tote5_414,Tote
Taga_Taga1,Tagage
Taga_Taga2,Tagage
Taga_Taga3,Tagage
Taga_Taga4,Tagage
Taga_Taga5,Tagage
Taga_Taga6,Tagage
Taga_Taga7,Tagage
Taga_Taga8,Tagage
Taga_Taga9,Tagage
Taga_Taga1_10,Tagage
Taga_Taga1_11,Tagage
Taga_Taga1_12,Tagage
Taga_Taga1_13,Tagage
Taga_Taga1_14,Tagage
Taga_Taga1_15,Tagage
Taga_Taga1_16,Tagage
Taga_Taga1_17,Tagage
Taga_Taga1_18,Tagage
Taga_Taga1_19,Tagage
Taga_Taga2_20,Tagage
Taga_Taga2_21,Tagage
Taga_Taga2_22,Tagage
Taga_Taga2_23,Tagage
Taga_Taga2_24,Tagage
Taga_Taga2_25,Tagage
Taga_Taga2_26,Tagage
Taga_Taga2_27,Tagage
Taga_Taga2_28,Tagage
Taga_Taga2_29,Tagage
Taga_Taga3_30,Tagage
Taga_Taga3_31,Tagage
Taga_Taga3_32,Tagage
Taga_Taga3_33,Tagage
Taga_Taga3_34,Tagage
Taga_Taga3_35,Tagage
Taga_Taga3_36,Tagage
Taga_Taga3_37,Tagage
Taga_Taga3_38,Tagage
Taga_Taga3_39,Tagage
Taga_Taga4_40,Tagage
Taga_Taga4_41,Tagage
Taga_Taga4_42,Tagage
Taga_Taga4_43,Tagage
Taga_Taga4_44,Tagage
Taga_Taga4_45,Tagage
Taga_Taga4_46,Tagage
Taga_Taga4_47,Tagage
Taga_Taga4_48,Tagage
Taga_Taga4_49,Tagage
Taga_Taga5_50,Tagage
Taga_Taga5_51,Tagage
Taga_Taga5_52,Tagage
Mata_Mata1,Matacawalevu
Mata_Mata2,Matacawalevu
Mata_Mata3,Matacawalevu
Mata_Mata4,Matacawalevu
Mata_Mata5,Matacawalevu
Mata_Mata6,Matacawalevu
Mata_Mata7,Matacawalevu
Mata_Mata8,Matacawalevu
Mata_Mata9,Matacawalevu
Mata_Mata1_62,Matacawalevu
Mata_Mata1_63,Matacawalevu
Mata_Mata1_64,Matacawalevu
Mata_Mata1_65,Matacawalevu
Mata_Mata1_66,Matacawalevu
Mata_Mata1_67,Matacawalevu
Mata_Mata1_68,Matacawalevu
Mata_Mata1_69,Matacawalevu
Mata_Mata1_70,Matacawalevu
Mata_Mata1_71,Matacawalevu
Mata_Mata2_72,Matacawalevu
Mata_Mata2_73,Matacawalevu
Mata_Mata2_74,Matacawalevu
Mata_Mata2_75,Matacawalevu
Mata_Mata2_76,Matacawalevu
Mata_Mata2_77,Matacawalevu
Mata_Mata2_78,Matacawalevu
Mata_Mata2_79,Matacawalevu
Mata_Mata2_80,Matacawalevu
Mata_Mata3_81,Matacawalevu
Mata_Mata3_82,Matacawalevu
Mata_Mata3_83,Matacawalevu
Mata_Mata3_84,Matacawalevu
Mata_Mata3_85,Matacawalevu
Mata_Mata3_86,Matacawalevu
Mata_Mata3_87,Matacawalevu
Mata_Mata3_88,Matacawalevu
Mata_Mata3_89,Matacawalevu
Mata_Mata4_90,Matacawalevu
Mata_Mata4_91,Matacawalevu
Mata_Mata4_92,Matacawalevu
Mata_Mata4_93,Matacawalevu
Mata_Mata4_94,Matacawalevu
Mata_Mata4_95,Matacawalevu
Mata_Mata4_96,Matacawalevu
Mata_Mata4_97,Matacawalevu
Mata_Mata4_98,Matacawalevu
Mata_Mata4_99,Matacawalevu
Mata_Mata5_100,Matacawalevu
Muaiv_Muai,Muaivsuso
Muaiv_Muai_102,Muaivsuso
Muaiv_Muai_103,Muaivsuso
Muaiv_Muai_104,Muaivsuso
Muaiv_Muai_105,Muaivsuso
Muaiv_Muai_106,Muaivsuso
Muaiv_Muai_107,Muaivsuso
Muaiv_Muai_108,Muaivsuso
Muaiv_Muai_109,Muaivsuso
Muaiv_Muai_110,Muaivsuso
Muaiv_Muai_111,Muaivsuso
Muaiv_Muai_112,Muaivsuso
Muaiv_Muai_113,Muaivsuso
Muaiv_Muai_114,Muaivsuso
Muaiv_Muai_115,Muaivsuso
Muaiv_Muai_116,Muaivsuso
Muaiv_Muai_117,Muaivsuso
Muaiv_Muai_118,Muaivsuso
Muaiv_Muai_119,Muaivsuso
Muaiv_Muai_120,Muaivsuso
Muaiv_Muai_121,Muaivsuso
Muaiv_Muai_122,Muaivsuso
Muaiv_Muai_123,Muaivsuso
Muaiv_Muai_124,Muaivsuso
Muaiv_Muai_125,Muaivsuso
Muaiv_Muai_126,Muaivsuso
Muaiv_Muai_127,Muaivsuso
Muaiv_Muai_128,Muaivsuso
Muaiv_Muai_129,Muaivsuso
Muaiv_Muai_130,Muaivsuso
Muaiv_Muai_131,Muaivsuso
Muaiv_Muai_132,Muaivsuso
Muaiv_Muai_133,Muaivsuso
Muaiv_Muai_134,Muaivsuso
Muaiv_Muai_135,Muaivsuso
Muaiv_Muai_136,Muaivsuso
Muaiv_Muai_137,Muaivsuso
Muaiv_Muai_138,Muaivsuso
Muaiv_Muai_139,Muaivsuso
Muaiv_Muai_140,Muaivsuso
Muaiv_Muai_141,Muaivsuso
Muaiv_Muai_142,Muaivsuso
Muaiv_Muai_143,Muaivsuso
Muaiv_Muai_144,Muaivsuso
Muaiv_Muai_145,Muaivsuso
Muaiv_Muai_146,Muaivsuso
Muaiv_Muai_147,Muaivsuso
Muaiv_Muai_148,Muaivsuso
Muaiv_Muai_149,Muaivsuso
Muaiv_Muai_150,Muaivsuso
Muaiv_Muai_151,Muaivsuso
Muaiv_Muai_152,Muaivsuso
Muaiv_Muai_153,Muaivsuso
Muaiv_Muai_154,Muaivsuso
Nadi_Nadi1,Nadi
Nadi_Nadi2,Nadi
Nadi_Nadi3,Nadi
Nadi_Nadi4,Nadi
Nadi_Nadi5,Nadi
Nadi_Nadi7,Nadi
Nadi_Nadi8,Nadi
Nadi_Nadi9,Nadi
Nadi_Nadi1_163,Nadi
Nadi_Nadi1_164,Nadi
Nadi_Nadi1_165,Nadi
Nadi_Nadi1_166,Nadi
Nadi_Nadi1_167,Nadi
Nadi_Nadi1_168,Nadi
Nadi_Nadi1_169,Nadi
Nadi_Nadi1_170,Nadi
Nadi_Nadi1_171,Nadi
Nadi_Nadi1_172,Nadi
Nadi_Nadi2_173,Nadi
Nadi_Nadi2_174,Nadi
Nadi_Nadi2_175,Nadi
Nadi_Nadi2_176,Nadi
Nadi_Nadi2_177,Nadi
Nadi_Nadi2_178,Nadi
Nadi_Nadi2_179,Nadi
Nadi_Nadi2_180,Nadi
Nadi_Nadi2_181,Nadi
Nadi_Nadi3_182,Nadi
Nadi_Nadi3_183,Nadi
Nadi_Nadi3_184,Nadi
Nadi_Nadi3_185,Nadi
Nadi_Nadi3_186,Nadi
Nadi_Nadi3_187,Nadi
Nadi_Nadi3_188,Nadi
Nadi_Nadi3_189,Nadi
Nadi_Nadi3_190,Nadi
Nadi_Nadi3_191,Nadi
Nadi_Nadi4_192,Nadi
Nadi_Nadi4_193,Nadi
Nadi_Nadi4_194,Nadi
Nadi_Nadi4_195,Nadi
Nadi_Nadi4_196,Nadi
Nadi_Nadi4_197,Nadi
Nadi_Nadi4_198,Nadi
Nadi_Nadi4_199,Nadi
Nadi_Nadi4_200,Nadi
Nadi_Nadi4_201,Nadi
Nadi_Nadi5_202,Nadi
Nadi_Nadi5_203,Nadi
Nadi_Nadi5_204,Nadi
Nadi_Nadi5_205,Nadi
Suva_Suva1,Suva
Suva_Suva2,Suva
Suva_Suva3,Suva
Suva_Suva4,Suva
Suva_Suva5,Suva
Suva_Suva6,Suva
Suva_Suva7,Suva
Suva_Suva8,Suva
Suva_Suva9,Suva
Suva_Suva1_215,Suva
Suva_Suva1_216,Suva
Suva_Suva1_217,Suva
Suva_Suva1_218,Suva
Suva_Suva1_219,Suva
Suva_Suva1_220,Suva
Suva_Suva1_221,Suva
Suva_Suva1_222,Suva
Suva_Suva1_223,Suva
Suva_Suva1_224,Suva
Suva_Suva2_225,Suva
Suva_Suva2_226,Suva
Suva_Suva2_227,Suva
Suva_Suva2_228,Suva
Suva_Suva2_229,Suva
Suva_Suva2_230,Suva
Suva_Suva2_231,Suva
Suva_Suva2_232,Suva
Suva_Suva2_233,Suva
Suva_Suva2_234,Suva
Suva_Suva3_235,Suva
Suva_Suva3_236,Suva
Suva_Suva3_237,Suva
Suva_Suva3_238,Suva
Suva_Suva3_239,Suva
Suva_Suva3_240,Suva
Suva_Suva3_241,Suva
Suva_Suva3_242,Suva
Suva_Suva3_243,Suva
Suva_Suva3_244,Suva
Suva_Suva4_245,Suva
Suva_Suva4_246,Suva
Suva_Suva4_247,Suva
Suva_Suva4_248,Suva
Suva_Suva4_249,Suva
Suva_Suva4_250,Suva
Suva_Suva4_251,Suva
Suva_Suva4_252,Suva
Suva_Suva4_253,Suva
Suva_Suva4_254,Suva
Suva_Suva5_255,Suva
Suva_Suva5_256,Suva
Suva_Suva5_257,Suva
Suva_Suva5_258,Suva
Suva_Suva5_259,Suva
Suva_Suva5_260,Suva
Suva_Suva5_261,Suva
Tave_Tave1,Tavewa
Tave_Tave2,Tavewa
Tave_Tave3,Tavewa
Tave_Tave4,Tavewa
Tave_Tave5,Tavewa
Tave_Tave6,Tavewa
Tave_Tave7,Tavewa
Tave_Tave8,Tavewa
Tave_Tave9,Tavewa
Tave_Tave1_271,Tavewa
Tave_Tave1_272,Tavewa
Tave_Tave1_273,Tavewa
Tave_Tave1_274,Tavewa
Tave_Tave1_275,Tavewa
Tave_Tave1_276,Tavewa
Tave_Tave1_277,Tavewa
Tave_Tave1_278,Tavewa
Tave_Tave1_279,Tavewa
Tave_Tave1_280,Tavewa
Tave_Tave2_281,Tavewa
Tave_Tave2_282,Tavewa
Tave_Tave2_283,Tavewa
Tave_Tave2_284,Tavewa
Tave_Tave2_285,Tavewa
Tave_Tave2_286,Tavewa
Tave_Tave2_287,Tavewa
Tave_Tave2_288,Tavewa
Tave_Tave2_289,Tavewa
Tave_Tave2_290,Tavewa
Tave_Tave3_291,Tavewa
Tave_Tave3_292,Tavewa
Tave_Tave3_293,Tavewa
Tave_Tave3_294,Tavewa
Tave_Tave3_295,Tavewa
Tave_Tave3_296,Tavewa
Tave_Tave3_297,Tavewa
Tave_Tave3_298,Tavewa
Tave_Tave3_299,Tavewa
Tave_Tave3_300,Tavewa
Tave_Tave4_301,Tavewa
Tave_Tave4_302,Tavewa
Tave_Tave4_303,Tavewa
Tave_Tave4_304,Tavewa
Tave_Tave4_305,Tavewa
Tave_Tave4_306,Tavewa
Tave_Tave4_307,Tavewa
Tave_Tave4_308,Tavewa
Tave_Tave4_309,Tavewa
Tave_Tave4_310,Tavewa
Tave_Tave5_311,Tavewa
Yanu_Yanu1,Yanuca
Yanu_Yanu2,Yanuca
Yanu_Yanu3,Yanuca
Yanu_Yanu4,Yanuca
Yanu_Yanu5,Yanuca
Yanu_Yanu6,Yanuca
Yanu_Yanu7,Yanuca
Yanu_Yanu8,Yanuca
Yanu_Yanu9,Yanuca
Yanu_Yanu1_321,Yanuca
Yanu_Yanu1_322,Yanuca
Yanu_Yanu1_323,Yanuca
Yanu_Yanu1_324,Yanuca
Yanu_Yanu1_325,Yanuca
Yanu_Yanu1_326,Yanuca
Yanu_Yanu1_327,Yanuca
Yanu_Yanu1_328,Yanuca
Yanu_Yanu1_329,Yanuca
Yanu_Yanu1_330,Yanuca
Yanu_Yanu2_331,Yanuca
Yanu_Yanu2_332,Yanuca
Yanu_Yanu2_333,Yanuca
Yanu_Yanu2_334,Yanuca
Yanu_Yanu2_335,Yanuca
Yanu_Yanu2_336,Yanuca
Yanu_Yanu2_337,Yanuca
Yanu_Yanu2_338,Yanuca
Yanu_Yanu2_339,Yanuca
Yanu_Yanu3_340,Yanuca
Yanu_Yanu3_341,Yanuca
Yanu_Yanu3_342,Yanuca
Yanu_Yanu3_343,Yanuca
Yanu_Yanu3_344,Yanuca
Yanu_Yanu3_345,Yanuca
Yanu_Yanu3_346,Yanuca
Yanu_Yanu3_347,Yanuca
Yanu_Yanu3_348,Yanuca
Yanu_Yanu3_349,Yanuca
Yanu_Yanu4_350,Yanuca
Yanu_Yanu4_351,Yanuca
Yanu_Yanu4_352,Yanuca
Yanu_Yanu4_353,Yanuca
Yanu_Yanu4_354,Yanuca
Yanu_Yanu4_355,Yanuca
Yanu_Yanu4_356,Yanuca
Yanu_Yanu4_357,Yanuca
Yanu_Yanu5_358,Yanuca
Mo_Mo31-92,Fareone
Mo_Mo31-86,Fareone
Mo_Mo31-12,Fareone
Mo_Mo31-14,Fareone
Mo_Mo31-14_5,Fareone
Mo_Mo31-15,Fareone
Mo_Mo31-17,Fareone
Mo_Mo31-17_8,Fareone
Mo_Mo31-19,Fareone
Mo_Mo31-20,Fareone
Mo_Mo31-22,Fareone
Mo_Mo33-66,Fareone
Mo_Mo33-68,Fareone
Mo_Mo33-69,Fareone
Mo_Mo33-70,Fareone
Mo_Mo33-11,Fareone
Mo_Mo41-10,Fareone
Mo_Mo41-11,Fareone
Mo_Mo41-14,Fareone
Mo_Mo41-14_20,Fareone
Mo_Mo41-16,Fareone
Mo_Mo41-17,Fareone
Mo_Mo41-17_23,Fareone
Mo_Mo41-19,Fareone
Mo_Mo41-22,Fareone
Mo_Mo41-22_26,Fareone
Mo_Mo45-88,Fareone
Mo_Mo45-97,Fareone
Mo_Mo45-21,Fareone
Mo_Mo45-22,Fareone
Mo_Mo45-30,Fareone
Mo_Mo45-31,Fareone
Mo_Mo45-32,Fareone
Mo_Mo45-34,Fareone
Mo_Mo45-37,Fareone
Mo_Mo46-81,Fareone
Mo_Mo46-98,Fareone
Mo_Mo46-13,Fareone
Mo_Mo46-19,Fareone
Mo_Mo46-19_40,Fareone
Mo_Mo46-19_41,Fareone
Mo_Mo47-10,Fareone
Mo_Mo47-12,Fareone
Mo_Mo47-15,Fareone
Mo_Mo47-15_45,Fareone
Mo_Mo47-16,Fareone
Mo_Mo47-18,Fareone
Mo_Mo48-60,Fareone
Mo_Mo48-67,Fareone
Mo_Mo48-72,Fareone
Mo_Mo48-91,Fareone
Mo_Mo48-96,Fareone
Mo_Mo59-3,Fareone
Mo_Mo59-5,Fareone
Mo_Mo59-7,Fareone
Mo_Mo59-8,Fareone
Mo_Mo59-10,Fareone
Mo_Mo59-21,Fareone
Mo_Mo59-27,Fareone
Mo_Mo59-29,Fareone
Mo_Mo59-34,Fareone
Mo_Mo59-36,Fareone
Mo_Mo59-37,Fareone
Mo_Mo59-41,Fareone
Mo_Mo59-42,Fareone
Mo_Mo59-43,Fareone
Mo_Mo59-48,Fareone
Mo_Mo59-50,Fareone
Mo_Mo28-62,Fareone
Mo_Mo28-63,Fareone
Mo_Mo28-75,Fareone
Mo_Mo28-76,Fareone
Mo_Mo28-79,Fareone
Mo_Mo28-99,Fareone
Mo_Mo94-83,Fareone
Mo_Mo94-13,Fareone
Mo_Mo94-31,Fareone
Mo_Mo94-37,Fareone
Mo_Mo104-7,Fareone
Mo_Mo104-7_80,Fareone
Mo_Mo104-1,Fareone
Mo_Mo104-2,Fareone
Mo_Mo104-2_83,Fareone
Mo_Mo104-3,Fareone
Mo_Mo104-3_85,Fareone
Mo_Mo104-3_86,Fareone
Mo_Mo104-3_87,Fareone
Mo_Mo107-9,Fareone
Mo_Mo104-1_89,Fareone
Mo_Mo107-2,Fareone
Mo_Mo107-3,Fareone
Mo_Mo107-3_92,Fareone
Mo_Mo112-1,Fareone
Mo_Mo112-8,Fareone
Mo_Mo112-8_95,Fareone
Mo_Mo112-1_96,Fareone
Mo_Mo112-1_97,Fareone
Mo_Mo112-2,Fareone
Mo_Mo112-3,Fareone
Mo_Mo112-3_100,Fareone
Mo_Mo133-1,Fareone
Mo_Mo133-1_102,Fareone
Mo_Mo133-1_103,Fareone
Mo_Mo133-1_104,Fareone
Mo_Mo133-3,Fareone
Mo_Mo133-3_106,Fareone
Mo_Mo133-3_107,Fareone
Mo_Mo133-3_108,Fareone
Mo_Mo62-2,Fareone
Mo_Mo62-4,Fareone
Mo_Mo62-6,Fareone
Mo_Mo62-9,Fareone
Mo_Mo62-11,Fareone
Mo_Mo62-13,Fareone
Mo_Mo62-14,Fareone
Mo_Mo62-15,Fareone
Mo_Mo62-16,Fareone
Mo_Mo62-17,Fareone
Mo_Mo62-18,Fareone
Mo_Mo62-19,Fareone
Mo_Mo62-25,Fareone
Mo_Mo62-28,Fareone
Mo_Mo62-31,Fareone
Mo_Mo62-32,Fareone
Mo_Mo62-33,Fareone
Mo_Mo62-35,Fareone
Mo_Mo62-38,Fareone
Mo_Mo62-39,Fareone
Mo_Mo62-40,Fareone
Mo_Mo62-43,Fareone
Mo_Mo62-44,Fareone
Mo_Mo62-45,Fareone
Mo_Mo62-49,Fareone
Mo_Mo62-51,Fareone
Mo_Mo74-10,Fareone
Mo_Mo74-30,Fareone
Mo_Mo74-32,Fareone
Mo_Mo74-32_138,Fareone
Mo_Mo74-32_139,Fareone
Mo_Mo74-34,Fareone
Mo_Mo78-13,Fareone
Mo_Mo78-18,Fareone
Mo_Mo78-31,Fareone
Mo_Mo81-84,Fareone
Mo_Mo81-30,Fareone
Mo_Mo81-31,Fareone
Mo_Mo81-34,Fareone
Mo_Mo81-34_148,Fareone
Mo_Mo90-10,Fareone
Mo_Mo90-13,Fareone
Mo_Mo90-13_151,Fareone
Mo_Mo90-16,Fareone
Mo_Mo90-16_153,Fareone
Mo_Mo90-16_154,Fareone
Mo_Mo90-18,Fareone
Mo_Mo90-20,Fareone
Mo_Mo90-23,Fareone
Mo_Mo141-2,Fareone
Mo_Mo141-8,Fareone
Mo_Mo141-1,Fareone
Mo_Mo141-1_161,Fareone
Mo_Mo141-1_162,Fareone
Mo_Mo141-3,Fareone
Mo_Mo141-3_164,Fareone
Mo_Mo141-3_165,Fareone
Mo_Mo141-3_166,Fareone
Mo_Mo141-3_167,Fareone
Mo_Mo142-8,Fareone
Mo_Mo142-1,Fareone
Mo_Mo142-1_170,Fareone
Mo_Mo142-1_171,Fareone
Mo_Mo142-1_172,Fareone
Mo_Mo148-9,Fareone
Mo_Mo148-1,Fareone
Mo_Mo148-2,Fareone
Mo_Mo148-3,Fareone
Mo_Mo148-3_177,Fareone
Mo_Mo148-3_178,Fareone
Mo_Mo151-1,Fareone
Mo_Mo151-3,Fareone
Mo_Mo151-3_181,Fareone
Mo_Mo151-3_182,Fareone
Mo_Mo153-6,Fareone
Mo_Mo153-1,Fareone
Mo_Mo153-1_185,Fareone
Mo_Mo153-1_186,Fareone
Mo_Mo153-1_187,Fareone
Mo_Mo153-3,Fareone
Mo_Mo153-3_189,Fareone
Mo_Mo153-3_190,Fareone
Mo_Mo153-3_191,Fareone
Mo_Mo153-3_192,Fareone
Mo_Mo155-1,Fareone
Mo_Mo155-1_194,Fareone
Mo_Mo155-1_195,Fareone
Mo_Mo155-1_196,Fareone
Mo_Mo155-3,Fareone
Mo_Mo155-3_198,Fareone
Mo_Mo155-3_199,Fareone
Mo_Mo161-9,Fareone
Mo_Mo161-1,Fareone
Mo_Mo161-1_202,Fareone
Mo_Mo161-1_203,Fareone
Mo_Mo161-1_204,Fareone
Mo_Mo161-2,Fareone
Mo_Mo161-2_206,Fareone
Mo_Mo163-7,Fareone
Mo_Mo163-7_208,Fareone
Mo_Mo163-9,Fareone
Mo_Mo163-1,Fareone
Mo_Mo163-1_211,Fareone
Mo_Mo163-1_212,Fareone
Mo_Mo163-1_213,Fareone
Mo_Mo178-6,Fareone
Mo_Mo178-2,Fareone
Mo_Mo178-2_216,Fareone
Mo_Mo178-3,Fareone
Mo_Mo178-3_218,Fareone
Mo_Mo178-3_219,Fareone
Mo_Mo192-6,Fareone
Mo_Mo192-1,Fareone
Mo_Mo192-3,Fareone
Mo_Mo192-3_223,Fareone
Mo_Mo192-3_224,Fareone
Mo_Mo205-1,Fareone
Mo_Mo205-3,Fareone
Mo_Mo205-3_227,Fareone
Mo_Mo205-3_228,Fareone
Mo_Mo207-1,Fareone
Mo_Mo207-1_230,Fareone
Mo_Mo207-2,Fareone
Mo_Mo207-3,Fareone
Mo_Mo207-3_233,Fareone
Mo_Mo207-3_234,Fareone
Mo_Mo207-3_235,Fareone
Mo_Mo217-8,Fareone
Mo_Mo217-1,Fareone
Mo_Mo217-1_238,Fareone
Mo_Mo217-1_239,Fareone
Mo_Mo217-1_240,Fareone
Mo_Mo217-1_241,Fareone
Mo_Mo217-1_242,Fareone
Mo_Mo230-3,Fareone
Mo_Mo243-1,Fareone
Mo_Mo243-2,Fareone
Mo_Mo243-2_246,Fareone
Mo_Mo243-2_247,Fareone
Mo_Mo243-3,Fareone
Mo_Mo243-3_249,Fareone
Mo_Mo282-1,Fareone
Mo_Mo217-1_251,Fareone
Mo_Mo217-2,Fareone
Mo_Mo217-2_253,Fareone
Mo_Mo230-1,Fareone
Mo_Mo230-2,Fareone
Mo_Mo230-3_256,Fareone
Mo_Mo230-3_257,Fareone
Mo_Mo282-1_258,Fareone
Mo_Mo282-2,Fareone
Mo_Mo282-3,Fareone
Mo_Mo282-3_261,Fareone
Mo_Mo282-3_262,Fareone
Mo_Mo282-3_263,Fareone
Mo_Mo282-3_264,Fareone
Puna_Puna1,Puna
Puna_Puna2,Puna
Puna_Puna3,Puna
Puna_Puna4,Puna
Puna_Puna5,Puna
Puna_Puna6,Puna
Puna_Puna7,Puna
Puna_Puna8,Puna
Puna_Puna9,Puna
Puna_Puna1_274,Puna
Puna_Puna1_275,Puna
Puna_Puna1_276,Puna
Puna_Puna1_277,Puna
Puna_Puna1_278,Puna
Puna_Puna1_279,Puna
Puna_Puna1_280,Puna
Puna_Puna1_281,Puna
Puna_Puna1_282,Puna
Puna_Puna1_283,Puna
Puna_Puna2_284,Puna
Puna_Puna2_285,Puna
Puna_Puna2_286,Puna
Puna_Puna2_287,Puna
Puna_Puna2_288,Puna
Puna_Puna2_289,Puna
Tahaa_Taha,Tahaa
Tahaa_Taha_291,Tahaa
Tahaa_Taha_292,Tahaa
Tahaa_Taha_293,Tahaa
Tahaa_Taha_294,Tahaa
Tahaa_Taha_295,Tahaa
Tahaa_Taha_296,Tahaa
Tahaa_Taha_297,Tahaa
Tahaa_Taha_298,Tahaa
Tahaa_Taha_299,Tahaa
Tahaa_Taha_300,Tahaa
Tahaa_Taha_301,Tahaa
Tahaa_Taha_302,Tahaa
Tahaa_Taha_303,Tahaa
Tahaa_Taha_304,Tahaa
Tahaa_Taha_305,Tahaa
Tahaa_Taha_306,Tahaa
Tahaa_Taha_307,Tahaa
Tahaa_Taha_308,Tahaa
Tahaa_Taha_309,Tahaa
Tahaa_Taha_310,Tahaa
Tahaa_Taha_311,Tahaa
Tahaa_Taha_312,Tahaa
Tahaa_Taha_313,Tahaa
Tahaa_Taha_314,Tahaa
Tahaa_Taha_315,Tahaa
Tahaa_Taha_316,Tahaa
Tahaa_Taha_317,Tahaa
Tahaa_Taha_318,Tahaa
Tahaa_Taha_319,Tahaa
Tahaa_Taha_320,Tahaa
Tahaa_Taha_321,Tahaa
Tahaa_Taha_322,Tahaa
Tahaa_Taha_323,Tahaa
Tahaa_Taha_324,Tahaa
Tahaa_Taha_325,Tahaa
Tem_Tem1,Temae
Tem_Tem2,Temae
Tem_Tem3,Temae
Tem_Tem4,Temae
Tem_Tem5,Temae
Tem_Tem6,Temae
Tem_Tem7,Temae
Tem_Tem8,Temae
Tem_Tem9,Temae
Tem_Tem10,Temae
Tem_Tem11,Temae
Tem_Tem12,Temae
Tem_Tem13,Temae
Tem_Tem14,Temae
Tem_Tem15,Temae
Tem_Tem16,Temae
Tem_Tem17,Temae
Tem_Tem18,Temae
Tem_Tem19,Temae
Tem_Tem20,Temae
Tem_Tem21,Temae
Tem_Tem22,Temae
Tem_Tem23,Temae
Tem_Tem24,Temae
Tem_Tem25,Temae
Tem_Tem26,Temae
Tem_Tem27,Temae
Tem_Tem28,Temae
Tem_Tem29,Temae
Tem_Tem30,Temae
Tem_Tem31,Temae
Tem_Tem32,Temae
Tem_Tem33,Temae
Tem_Tem34,Temae
Tem_Tem35,Temae
Tem_Tem36,Temae
Tem_Tem37,Temae
Tem_Tem38,Temae
Tem_Tem39,Temae
Tem_Tem40,Temae
Tem_Tem41,Temae
Tem_Tem42,Temae
Tem_Tem43,Temae
Tem_Tem44,Temae
Tem_Tem45,Temae
Tem_Tem46,Temae
Tem_Tem47,Temae
Tem_Tem48,Temae
Tem_Tem49,Temae
Tem_Tem50,Temae
Tem_Tem51,Temae
Tem_Tem52,Temae
Tem_Tem53,Temae
Tem_Tem54,Temae
Tem_Tem55,Temae
Tem_Tem56,Temae
Tem_Tem57,Temae
Tem_Tem58,Temae
Tem_Tem59,Temae
Tem_Tem60,Temae
Tem_Tem61,Temae
Tem_Tem62,Temae
Tem_Tem63,Temae
Tem_Tem64,Temae
Tetia_Teti,Tetiaroa
Tetia_Teti_391,Tetiaroa
Tetia_Teti_392,Tetiaroa
Tetia_Teti_393,Tetiaroa
Tetia_Teti_394,Tetiaroa
Tetia_Teti_395,Tetiaroa
Tetia_Teti_396,Tetiaroa
Tetia_Teti_397,Tetiaroa
Tetia_Teti_398,Tetiaroa
Tetia_Teti_399,Tetiaroa
Tetia_Teti_400,Tetiaroa
Tetia_Teti_401,Tetiaroa
Tetia_Teti_402,Tetiaroa
Tetia_Teti_403,Tetiaroa
Tetia_Teti_404,Tetiaroa
Tetia_Teti_405,Tetiaroa
Tetia_Teti_406,Tetiaroa
Tetia_Teti_407,Tetiaroa
Tetia_Teti_408,Tetiaroa
Tetia_Teti_409,Tetiaroa
Tetia_Teti_410,Tetiaroa
Tetia_Teti_411,Tetiaroa
Tetia_Teti_412,Tetiaroa
Tetia_Teti_413,Tetiaroa
Tetia_Teti_414,Tetiaroa
Tetia_Teti_415,Tetiaroa
Tetia_Teti_416,Tetiaroa
Tetia_Teti_417,Tetiaroa
Tetia_Teti_418,Tetiaroa
Tetia_Teti_419,Tetiaroa
Tetia_Teti_420,Tetiaroa
Tetia_Teti_421,Tetiaroa
Tetia_Teti_422,Tetiaroa
Tetia_Teti_423,Tetiaroa
Tetia_Teti_424,Tetiaroa
Tetia_Teti_425,Tetiaroa
Tetia_Teti_426,Tetiaroa
Tetia_Teti_427,Tetiaroa
Tetia_Teti_428,Tetiaroa
Tetia_Teti_429,Tetiaroa
Tetia_Teti_430,Tetiaroa
Tetia_Teti_431,Tetiaroa
Tetia_Teti_432,Tetiaroa
Tetia_Teti_433,Tetiaroa
Tetia_Teti_434,Tetiaroa
Tetia_Teti_435,Tetiaroa
Tetia_Teti_436,Tetiaroa
Tetia_Teti_437,Tetiaroa
Tetia_Teti_438,Tetiaroa
Tetia_Teti_439,Tetiaroa
Tetia_Teti_440,Tetiaroa
Tetia_Teti_441,Tetiaroa
Taka_Taka1,Takapoto
Taka_Taka3,Takapoto
Taka_Taka4,Takapoto
Taka_Taka9,Takapoto
Taka_Taka1_5,Takapoto
Taka_Taka1_6,Takapoto
Taka_Taka1_7,Takapoto
Taka_Taka1_8,Takapoto
Taka_Taka1_9,Takapoto
Taka_Taka1_10,Takapoto
Taka_Taka1_11,Takapoto
Taka_Taka1_12,Takapoto
Taka_Taka1_13,Takapoto
Taka_Taka2,Takapoto
Taka_Taka2_15,Takapoto
Taka_Taka2_16,Takapoto
Taka_Taka2_17,Takapoto
Taka_Taka2_18,Takapoto
Taka_Taka2_19,Takapoto
Taka_Taka2_20,Takapoto
Taka_Taka2_21,Takapoto
Taka_Taka2_22,Takapoto
Taka_Taka2_23,Takapoto
Taka_Taka3_24,Takapoto
Taka_Taka3_25,Takapoto
Taka_Taka3_26,Takapoto
Taka_Taka3_27,Takapoto
Taka_Taka3_28,Takapoto
Taka_Taka3_29,Takapoto
Taka_Taka3_30,Takapoto
Rangi_Rang,Rangiroa
Rangi_Rang_32,Rangiroa
Rangi_Rang_33,Rangiroa
Rangi_Rang_34,Rangiroa
Rangi_Rang_35,Rangiroa
Rangi_Rang_36,Rangiroa
Rangi_Rang_37,Rangiroa
Rangi_Rang_38,Rangiroa
Rangi_Rang_39,Rangiroa
Rangi_Rang_40,Rangiroa
Rangi_Rang_41,Rangiroa
Rangi_Rang_42,Rangiroa
Rangi_Rang_43,Rangiroa
Rangi_Rang_44,Rangiroa
Rangi_Rang_45,Rangiroa
Rangi_Rang_46,Rangiroa
Rangi_Rang_47,Rangiroa
Rangi_Rang_48,Rangiroa
Rangi_Rang_49,Rangiroa
Rangi_Rang_50,Rangiroa
Rangi_Rang_51,Rangiroa
Rangi_Rang_52,Rangiroa
Rangi_Rang_53,Rangiroa
Rangi_Rang_54,Rangiroa
Rangi_Rang_55,Rangiroa
Rangi_Rang_56,Rangiroa
Rangi_Rang_57,Rangiroa
Rangi_Rang_58,Rangiroa
Rangi_Rang_59,Rangiroa
Rangi_Rang_60,Rangiroa
Rangi_Rang_61,Rangiroa
Rangi_Rang_62,Rangiroa
Rangi_Rang_63,Rangiroa
Rangi_Rang_64,Rangiroa
Rangi_Rang_65,Rangiroa
Rangi_Rang_66,Rangiroa
Rangi_Rang_67,Rangiroa
Rangi_Rang_68,Rangiroa
Rangi_Rang_69,Rangiroa
Rangi_Rang_70,Rangiroa
Rangi_Rang_71,Rangiroa
Rangi_Rang_72,Rangiroa
Rangi_Rang_73,Rangiroa